<?xml version="1.0" ?>
<!DOCTYPE dtbook
  SYSTEM 'dtbook-2005-3.dtd'>
<?xml-stylesheet type="text/css" href="daisy.css" media="screen"?>
<?xml-stylesheet type="text/xsl" href="daisyTransform.xsl" media="screen"?>
<dtbook xmlns="http://www.daisy.org/z3986/2005/dtbook/" version="2005-3">
  <head>
    <meta name="dtb:uid" content="ugsfiles"/>
    <meta name="dc:Title" content="UGS Files"/>
  </head>
  <book>
    <frontmatter id="frontmatter_00001">
      <doctitle id="doctitle_00002" smilref="ugsfiles_daisy.smil#doctitle_00002">UGS Files</doctitle>
      <docauthor id="docauthor_00003" smilref="ugsfiles_daisy.smil#docauthor_00003">bubblefan</docauthor>
      <level1 id="level1_00004">
        <h1 id="h1_00005" smilref="ugsfiles_daisy.smil#h1_00005">Producer's Note</h1>
        <level2 id="level2_00006">
          <h2 id="h2_00007" smilref="ugsfiles_daisy.smil#h2_00007">About Internet Archive Daisy Books</h2>
          <p id="p_00008" smilref="ugsfiles_daisy.smil#p_00008">This book was produced in DAISY format by the Internet Archive.  The
        book pages were scanned and converted to DAISY format
        automatically.  This process relies on optical character
        recognition, and is somewhat susceptible to errors.  These errors
        may include weird characters, non-words, and incorrect guesses at
        structure.  Page numbers and headers or footers may remain from
        the scanned page.  The Internet Archive is working to improve the
        scanning process and resulting books, but in the meantime, we hope
        that this book will be useful to you.
        </p>
        </level2>
        <level2 id="level2_00009">
          <h2 id="h2_00010" smilref="ugsfiles_daisy.smil#h2_00010">About this DAISY book</h2>
          <p id="p_00011" smilref="ugsfiles_daisy.smil#p_00011">This book as paragraph navigation, but is otherwise unstructured.</p>
        </level2>
        <level2 id="level2_00012">
          <h2 id="h2_00013" smilref="ugsfiles_daisy.smil#h2_00013">About the Internet Archive</h2>
          <p id="p_00014" smilref="ugsfiles_daisy.smil#p_00014">The Internet Archive was founded in 1996
        to build an Internet library
    and to promote universal access to all knowledge.  The Archive's purposes
    include offering permanent access for researchers, historians,
    scholars, people with disabilities, and the general public to
    historical collections that exist in digital format.  The Internet Archive
    includes texts, audio, moving images, and software as well as archived
    web pages, and provides specialized services for information access
    for the blind and other persons with disabilities.
        </p>
        </level2>
      </level1>
    </frontmatter>
    <bodymatter id="bodymatter_00015">
      <level1 id="level1_00016">
        <h1 id="h1_00017" smilref="ugsfiles_daisy.smil#h1_00017">Book</h1>
      </level1>
    </bodymatter>
    <rearmatter id="rearmatter_00018">
      <level1 id="level1_00019">
        <p id="p_00020" smilref="ugsfiles_daisy.smil#p_00020">End of book</p>
      </level1>
    </rearmatter>
  </book>
</dtbook>
